{"musicVolumeValue":0.37575623393058779,"sfxVolumeValue":0.7165437936782837}