{"musicVolumeValue":0.4807392358779907,"sfxVolumeValue":0.4621027410030365}