{"musicVolumeValue":0.1921052634716034,"sfxVolumeValue":0.6026315689086914}