{"musicVolumeValue":0.2453208565711975,"sfxVolumeValue":0.4621027410030365}