{"musicVolumeValue":0.11878234148025513,"sfxVolumeValue":0.27432921528816225}